id,png_uri
0055934f-1567-4207-aaad-d32d0fe1cdba,0055934f-1567-4207-aaad-d32d0fe1cdba.png
0e7891b8-ba69-4c5b-a29f-ee7bcf2374f0,0e7891b8-ba69-4c5b-a29f-ee7bcf2374f0.png
0f4b9943-0fe6-4383-90a0-4a719dcf9499,0f4b9943-0fe6-4383-90a0-4a719dcf9499.png
0fc37615-ef72-4176-9e94-080e56af1d8a,0fc37615-ef72-4176-9e94-080e56af1d8a.png
130849ba-3893-490d-bfb0-51c76e53cf62,130849ba-3893-490d-bfb0-51c76e53cf62.png
13989bf2-fd02-4702-9170-4b066837de65,13989bf2-fd02-4702-9170-4b066837de65.png
15b12c75-1248-4c81-90cf-28e341a885cf,15b12c75-1248-4c81-90cf-28e341a885cf.png
1b0efc23-9284-4aa4-a0ed-1f1dfdce4cbb,1b0efc23-9284-4aa4-a0ed-1f1dfdce4cbb.png
1df611df-3490-4b07-8034-6da9a0122a81,1df611df-3490-4b07-8034-6da9a0122a81.png
1f4b41d7-30fa-43ab-8f8d-c1de68a19add,1f4b41d7-30fa-43ab-8f8d-c1de68a19add.png
21982dc7-4f79-4251-8382-95cd1f627e0f,21982dc7-4f79-4251-8382-95cd1f627e0f.png
2d1dfd96-8e17-4ba8-b786-a5cc0ae2ff2d,2d1dfd96-8e17-4ba8-b786-a5cc0ae2ff2d.png
3562f65a-bd69-47e4-9d9d-ab5c2c6ceb35,3562f65a-bd69-47e4-9d9d-ab5c2c6ceb35.png
35828576-124a-45d6-ad4c-af2926314953,35828576-124a-45d6-ad4c-af2926314953.png
385bea20-c196-4da8-bc3e-36f8d50dcc17,385bea20-c196-4da8-bc3e-36f8d50dcc17.png
3915c0be-7e9c-45bc-9c83-80beba469a81,3915c0be-7e9c-45bc-9c83-80beba469a81.png
3ba8e7aa-9a87-410e-b846-5f5c910585cf,3ba8e7aa-9a87-410e-b846-5f5c910585cf.png
3c9289dd-f1a3-4be5-8ed1-4b4dd4e97743,3c9289dd-f1a3-4be5-8ed1-4b4dd4e97743.png
3e2160e9-14a0-4c75-b7b0-fb09051ddb32,3e2160e9-14a0-4c75-b7b0-fb09051ddb32.png
460f7733-c0a6-4439-a313-7b26ae6ee15b,460f7733-c0a6-4439-a313-7b26ae6ee15b.png
4784a4d2-8af8-47dc-9ef8-053c6c873f93,4784a4d2-8af8-47dc-9ef8-053c6c873f93.png
4b8d0e8d-c2d4-4682-8095-827ffd79539b,4b8d0e8d-c2d4-4682-8095-827ffd79539b.png
4f0f87d4-5fed-415c-918a-c3546697a3da,4f0f87d4-5fed-415c-918a-c3546697a3da.png
4f922231-bf41-47d3-8fa3-13b9baf4a0f3,4f922231-bf41-47d3-8fa3-13b9baf4a0f3.png
53a14ab8-62f4-4873-b4ef-650f0aded095,53a14ab8-62f4-4873-b4ef-650f0aded095.png
543539ce-af50-4bbe-82aa-f35fd2c2a256,543539ce-af50-4bbe-82aa-f35fd2c2a256.png
5839942c-0ad1-4f77-97a0-142b8ef2266c,5839942c-0ad1-4f77-97a0-142b8ef2266c.png
5a0385d5-d0f4-40b8-af28-6557ffdfb625,5a0385d5-d0f4-40b8-af28-6557ffdfb625.png
6452ba94-6bb0-409c-99f7-71e6457c3f2a,6452ba94-6bb0-409c-99f7-71e6457c3f2a.png
67f15157-6017-4b05-8c74-b3f8728d764b,67f15157-6017-4b05-8c74-b3f8728d764b.png
68d99f1f-80d6-4b5e-aeae-83fb8ae62cdc,68d99f1f-80d6-4b5e-aeae-83fb8ae62cdc.png
73f8710c-9c5e-4d11-b45f-0728c54bd631,73f8710c-9c5e-4d11-b45f-0728c54bd631.png
7a134bd1-3c5a-467e-bad1-65548b33faa5,7a134bd1-3c5a-467e-bad1-65548b33faa5.png
7b465a5d-3ce4-4c96-a3f3-4ad9716946c4,7b465a5d-3ce4-4c96-a3f3-4ad9716946c4.png
89533790-38c2-4b53-90fa-8abf8c1a6abb,89533790-38c2-4b53-90fa-8abf8c1a6abb.png
8aec6e3f-bc90-4e21-a087-330f7e072fc6,8aec6e3f-bc90-4e21-a087-330f7e072fc6.png
8c6f99a5-40be-4fb1-bd9b-96a9adc5c2af,8c6f99a5-40be-4fb1-bd9b-96a9adc5c2af.png
92461f3c-21dc-48a8-b532-9c4e2e1e80b5,92461f3c-21dc-48a8-b532-9c4e2e1e80b5.png
9396d218-35e4-4457-9f3a-18bae368b526,9396d218-35e4-4457-9f3a-18bae368b526.png
96fd7354-7069-4e3e-b4f2-f9cd15c970ea,96fd7354-7069-4e3e-b4f2-f9cd15c970ea.png
98cd33cc-df39-4db1-a4a0-09756ec8372c,98cd33cc-df39-4db1-a4a0-09756ec8372c.png
9bae5e75-0048-41fd-8bbb-89607ab96d6e,9bae5e75-0048-41fd-8bbb-89607ab96d6e.png
a014dd06-626d-4917-8981-e0064718b571,a014dd06-626d-4917-8981-e0064718b571.png
a2e23215-ced7-4c44-8595-dd9df3d8227b,a2e23215-ced7-4c44-8595-dd9df3d8227b.png
a5603e1f-593c-45f0-9e13-fe3492464443,a5603e1f-593c-45f0-9e13-fe3492464443.png
a67aefde-2c91-4974-b89d-84333a2874eb,a67aefde-2c91-4974-b89d-84333a2874eb.png
a6f7c6f5-159a-40ed-823a-8740a1ce373e,a6f7c6f5-159a-40ed-823a-8740a1ce373e.png
ab0429ec-0809-4e68-9790-8c21bde201a2,ab0429ec-0809-4e68-9790-8c21bde201a2.png
af33b204-6b50-4404-b986-9f6b970a7f06,af33b204-6b50-4404-b986-9f6b970a7f06.png
b052b641-fce9-45c1-a15b-1e22f1a64e4d,b052b641-fce9-45c1-a15b-1e22f1a64e4d.png
b4501520-acf4-438f-9e96-4a649875ffdd,b4501520-acf4-438f-9e96-4a649875ffdd.png
ba30343b-1637-490f-810e-d614219789e3,ba30343b-1637-490f-810e-d614219789e3.png
bf335eac-e57b-44ec-afe2-8aed567469e7,bf335eac-e57b-44ec-afe2-8aed567469e7.png
c67784b3-eb55-452e-b965-f63220b88896,c67784b3-eb55-452e-b965-f63220b88896.png
cc329134-4b71-4c33-8cfb-c3867a733115,cc329134-4b71-4c33-8cfb-c3867a733115.png
d1f7f757-31ac-43e6-8be0-c5948d478d2f,d1f7f757-31ac-43e6-8be0-c5948d478d2f.png
dfbdd90c-1ae3-45e5-b1e5-5b8615a1511f,dfbdd90c-1ae3-45e5-b1e5-5b8615a1511f.png
e1e325e1-f1f9-4448-84e3-1fd929b0bc12,e1e325e1-f1f9-4448-84e3-1fd929b0bc12.png
e2f31943-e26c-4bd2-bdbd-d980836f99b9,e2f31943-e26c-4bd2-bdbd-d980836f99b9.png
e3979b88-ac58-420a-8c03-37ea5d93d0f1,e3979b88-ac58-420a-8c03-37ea5d93d0f1.png
f2835993-6c71-4a63-bad5-cb25aedc4a15,f2835993-6c71-4a63-bad5-cb25aedc4a15.png
f442e3b2-9d65-40c4-a3b9-8cb821980d80,f442e3b2-9d65-40c4-a3b9-8cb821980d80.png
fb662d58-ae50-423d-b1c5-abd45baca12b,fb662d58-ae50-423d-b1c5-abd45baca12b.png
